scan_id,t_current_s,offset_from_arrival_s,real_pos_m,real_vel_ms,real_acc_ms2,real_status_code,pred_min_dist_stop_m,pred_stopped_steps,pred_first_stop_tau_s,pred_last_stop_tau_s,pred_dwell_duration_s,pred_restart_seen,pred_restart_tau_s,pred_restart_abs_time_s,pred_restart_pos_m,pred_max_vel_after_stop_ms,real_status
1,0,-388,0.2,2,0,0,686.876081580065,0,NaN,NaN,0,1,1,1,2.22981495042732,NaN,BEFORE_ARRIVAL
2,1,-387,2.23935573456407,2.09838933641016,0.178889702563935,0,710.499727794074,0,NaN,NaN,0,1,1,2,4.4454286788483,NaN,BEFORE_ARRIVAL
3,2,-386,4.46020956608597,2.33746693572805,0.288322242116571,0,690.563445734243,0,NaN,NaN,0,1,1,3,6.94623901600812,NaN,BEFORE_ARRIVAL
4,3,-385,6.96206357391741,2.6403137751928,0.314730600931435,0,694.495750370564,0,NaN,NaN,0,1,1,4,9.75829235771466,NaN,BEFORE_ARRIVAL
5,4,-384,9.77356479436563,2.95025841298208,0.306028849763895,0,710.152984164868,0,NaN,NaN,0,1,1,5,12.8594169161229,NaN,BEFORE_ARRIVAL
6,5,-383,12.8691437294569,3.19879889959367,0.201504553123334,0,709.839926195181,0,NaN,NaN,0,1,1,6,16.1513877877391,NaN,BEFORE_ARRIVAL
7,6,-382,16.1559247376758,3.34318996373545,0.0976618458841509,0,692.960574623803,0,NaN,NaN,0,1,1,7,19.548597023219,NaN,BEFORE_ARRIVAL
8,7,-381,19.5536885631502,3.44300142587628,0.101570239078117,0,694.479859346475,0,NaN,NaN,0,1,1,8,23.0435113109782,NaN,BEFORE_ARRIVAL
9,8,-380,23.0473214077041,3.53149113291608,0.0777874535539018,0,701.865629186919,0,NaN,NaN,0,1,1,9,26.5873104270478,NaN,BEFORE_ARRIVAL
10,9,-379,26.5814731308137,3.50897231331701,-0.104587588542407,0,693.585178771876,0,NaN,NaN,0,1,1,10,30.0138993911007,NaN,BEFORE_ARRIVAL
11,10,-378,30.0009092888708,3.32435227087061,-0.250101141095121,0,693.634638366564,0,NaN,NaN,0,1,1,11,33.184698997915,NaN,BEFORE_ARRIVAL
12,11,-377,33.167230103651,3.02306155855533,-0.343173088768136,0,694.479127248173,0,NaN,NaN,0,1,1,12,36.0099135212904,NaN,BEFORE_ARRIVAL
13,12,-376,35.9899415559618,2.65087620123203,-0.395922667959345,0,692.681783173827,0,NaN,NaN,0,1,1,13,38.4394163871279,NaN,BEFORE_ARRIVAL
14,13,-375,38.4185194421823,2.24360141418797,-0.416562884477016,0,691.887939665011,0,NaN,NaN,0,1,1,14,40.4541939632963,NaN,BEFORE_ARRIVAL
15,14,-374,40.4334792748051,1.82820854195393,-0.414435589489789,0,691.669787735931,0,NaN,NaN,0,1,1,15,42.0584954669963,NaN,BEFORE_ARRIVAL
16,15,-373,42.0390618299162,1.42705692090535,-0.390282919596679,0,692.929325425695,0,NaN,NaN,0,1,1,16,43.2790037825725,NaN,BEFORE_ARRIVAL
17,16,-372,43.2620581138885,1.06326142342159,-0.342123970300461,0,691.015406520331,0,NaN,NaN,0,1,1,17,44.1633561749806,NaN,BEFORE_ARRIVAL
18,17,-371,44.1491615357682,0.751162908429496,-0.28753223337616,0,691.156057920208,0,NaN,NaN,0,1,36,53,46.3433250280467,NaN,BEFORE_ARRIVAL
19,18,-370,44.7550175511795,0.495720263400016,-0.229187527291287,0,691.268465645165,0,NaN,NaN,0,1,39,57,45.9027597255153,NaN,BEFORE_ARRIVAL
20,19,-369,45.1375360964406,0.298661290786943,-0.170771973330898,0,691.917084869693,0,NaN,NaN,0,1,34,53,46.3326474208979,NaN,BEFORE_ARRIVAL
21,20,-368,45.3542729329917,0.157889645196451,-0.116225922893797,0,692.404869208858,0,NaN,NaN,0,1,33,53,46.3613551918146,NaN,BEFORE_ARRIVAL
22,21,-367,45.4584865872738,0.067284388995726,-0.0696428925427565,0,693.016701845311,0,NaN,NaN,0,1,32,53,46.3844171933146,NaN,BEFORE_ARRIVAL
23,22,-366,45.4953876336564,0.0174421171665136,-0.0336417639726764,0,693.523984293533,0,NaN,NaN,0,1,31,53,46.3980377038283,NaN,BEFORE_ARRIVAL
24,23,-365,45.4953876336564,0,0,0,693.368075914306,0,NaN,NaN,0,1,32,55,46.4448522829596,NaN,BEFORE_ARRIVAL
25,24,-364,45.4953876336564,0,0,0,710.499727797224,0,NaN,NaN,0,0,NaN,NaN,NaN,NaN,BEFORE_ARRIVAL
26,25,-363,45.4953876336564,0,0,0,710.499085503038,0,NaN,NaN,0,0,NaN,NaN,NaN,NaN,BEFORE_ARRIVAL
27,26,-362,45.4953876336564,0,0,0,710.499086053745,0,NaN,NaN,0,0,NaN,NaN,NaN,NaN,BEFORE_ARRIVAL
28,27,-361,45.4953876336564,0,0,0,710.499086022169,0,NaN,NaN,0,0,NaN,NaN,NaN,NaN,BEFORE_ARRIVAL
29,28,-360,45.4953876336564,0,0,0,710.499086566668,0,NaN,NaN,0,0,NaN,NaN,NaN,NaN,BEFORE_ARRIVAL
30,29,-359,45.4953876336564,0,0,0,710.499088175548,0,NaN,NaN,0,0,NaN,NaN,NaN,NaN,BEFORE_ARRIVAL
31,30,-358,45.4953876336564,0,0,0,710.499088175547,0,NaN,NaN,0,0,NaN,NaN,NaN,NaN,BEFORE_ARRIVAL
32,31,-357,45.4953876336564,0,0,0,710.499088175547,0,NaN,NaN,0,0,NaN,NaN,NaN,NaN,BEFORE_ARRIVAL
33,32,-356,45.4953876336564,0,0,0,710.499088175547,0,NaN,NaN,0,0,NaN,NaN,NaN,NaN,BEFORE_ARRIVAL
34,33,-355,45.4953876336564,0,0,0,710.499088175547,0,NaN,NaN,0,0,NaN,NaN,NaN,NaN,BEFORE_ARRIVAL
35,34,-354,45.4953876336564,0,0,0,710.499088175546,0,NaN,NaN,0,0,NaN,NaN,NaN,NaN,BEFORE_ARRIVAL
36,35,-353,45.4953876336564,0,0,0,710.499088175543,0,NaN,NaN,0,0,NaN,NaN,NaN,NaN,BEFORE_ARRIVAL
37,36,-352,45.4953876336564,0,0,0,710.499088175543,0,NaN,NaN,0,0,NaN,NaN,NaN,NaN,BEFORE_ARRIVAL
38,37,-351,45.4953876336564,0,0,0,710.499088175543,0,NaN,NaN,0,0,NaN,NaN,NaN,NaN,BEFORE_ARRIVAL
39,38,-350,45.4953876336564,0,0,0,710.499088175543,0,NaN,NaN,0,0,NaN,NaN,NaN,NaN,BEFORE_ARRIVAL
40,39,-349,45.4953876336564,0,0,0,710.499088175543,0,NaN,NaN,0,0,NaN,NaN,NaN,NaN,BEFORE_ARRIVAL
41,40,-348,45.4953876336564,0,0,0,710.499088175543,0,NaN,NaN,0,0,NaN,NaN,NaN,NaN,BEFORE_ARRIVAL
42,41,-347,45.4953876336564,0,0,0,710.499088175543,0,NaN,NaN,0,0,NaN,NaN,NaN,NaN,BEFORE_ARRIVAL
43,42,-346,45.4953876336564,0,0,0,710.499088175543,0,NaN,NaN,0,0,NaN,NaN,NaN,NaN,BEFORE_ARRIVAL
44,43,-345,45.4953876336564,0,0,0,710.499088175543,0,NaN,NaN,0,0,NaN,NaN,NaN,NaN,BEFORE_ARRIVAL
45,44,-344,45.4953876336564,0,0,0,710.499088175543,0,NaN,NaN,0,0,NaN,NaN,NaN,NaN,BEFORE_ARRIVAL
46,45,-343,45.4953876336564,0,0,0,710.499088175543,0,NaN,NaN,0,0,NaN,NaN,NaN,NaN,BEFORE_ARRIVAL
47,46,-342,45.4953876336564,0,0,0,710.499088175543,0,NaN,NaN,0,0,NaN,NaN,NaN,NaN,BEFORE_ARRIVAL
48,47,-341,45.4953876336564,0,0,0,710.499088175543,0,NaN,NaN,0,0,NaN,NaN,NaN,NaN,BEFORE_ARRIVAL
49,48,-340,45.4953876336564,0,0,0,710.499088175543,0,NaN,NaN,0,0,NaN,NaN,NaN,NaN,BEFORE_ARRIVAL
50,49,-339,45.4953876336564,0,0,0,710.499088175543,0,NaN,NaN,0,0,NaN,NaN,NaN,NaN,BEFORE_ARRIVAL
51,50,-338,45.4953876336564,0,0,0,710.499088175543,0,NaN,NaN,0,0,NaN,NaN,NaN,NaN,BEFORE_ARRIVAL
52,51,-337,45.4953888441872,1.21053078727499e-05,0.000121053078727499,0,710.499088175543,0,NaN,NaN,0,0,NaN,NaN,NaN,NaN,BEFORE_ARRIVAL
53,52,-336,45.4957041204855,0.000724637879382188,0.00119647033833102,0,684.349087706472,0,NaN,NaN,0,1,3,55,46.1231390975492,NaN,BEFORE_ARRIVAL
54,53,-335,45.531810716387,0.0887308565578358,0.159032376411281,0,685.676990342216,0,NaN,NaN,0,1,2,55,46.1458343472681,NaN,BEFORE_ARRIVAL
55,54,-334,45.7289010689446,0.299992455402945,0.253994599018241,0,685.65872083482,0,NaN,NaN,0,1,1,55,46.1628874819029,NaN,BEFORE_ARRIVAL
56,55,-333,46.1778261424286,0.577076025973913,0.295974547295925,0,685.651886862701,0,NaN,NaN,0,1,1,56,46.9036771724662,NaN,BEFORE_ARRIVAL
57,56,-332,46.918727973564,0.875650083641549,0.300700929789945,0,685.646349566772,0,NaN,NaN,0,1,1,57,47.9411220927597,NaN,BEFORE_ARRIVAL
58,57,-331,47.9550030818602,1.16444979660689,0.27906235374521,0,685.641416504888,0,NaN,NaN,0,1,1,58,49.2523459827322,NaN,BEFORE_ARRIVAL
59,58,-330,49.2641749171851,1.42160651074746,0.23923391810041,0,676.049498423744,0,NaN,NaN,0,1,1,59,50.7962729548617,NaN,BEFORE_ARRIVAL
60,59,-329,50.805314512488,1.63072650284857,0.184481325374414,0,676.049495583148,0,NaN,NaN,0,1,1,60,52.5196933037099,NaN,BEFORE_ARRIVAL
61,60,-328,52.5261690901982,1.78686619298714,0.13295107949106,0,676.049493863685,0,NaN,NaN,0,1,1,61,54.3710911947765,NaN,BEFORE_ARRIVAL
62,61,-327,54.3750444677417,1.89203249956896,0.0824333105651756,0,676.049492120174,0,NaN,NaN,0,1,1,62,56.3004278047923,NaN,BEFORE_ARRIVAL
63,62,-326,56.3020324086242,1.94850861139084,0.0352384037591712,0,676.049488593215,0,NaN,NaN,0,1,1,63,58.2611520631221,NaN,BEFORE_ARRIVAL
64,63,-325,58.2606713725028,1.96062009120057,-0.00681054887616774,0,676.049428699913,0,NaN,NaN,0,1,1,64,60.2119537584288,NaN,BEFORE_ARRIVAL
65,64,-324,60.2097148531173,1.93423252056395,-0.0424051338951843,0,676.049184325856,0,NaN,NaN,0,1,1,65,62.1179750350446,NaN,BEFORE_ARRIVAL
66,65,-323,62.1143284514093,1.87608714009483,-0.0710237640296033,0,676.049088031124,0,NaN,NaN,0,1,1,66,63.9511032977623,NaN,BEFORE_ARRIVAL
67,66,-322,63.9463359778082,1.79252201736605,-0.093826234391743,0,676.049088424254,0,NaN,NaN,0,1,1,67,65.6892968853604,NaN,BEFORE_ARRIVAL
68,67,-321,65.6837582160031,1.68995740733519,-0.109714190099234,0,676.049088428601,0,NaN,NaN,0,1,1,68,67.318025074585,NaN,BEFORE_ARRIVAL
69,68,-320,67.3122726598948,1.57749282001369,-0.114714912321531,0,676.049088429521,0,NaN,NaN,0,1,1,69,68.8283337560901,NaN,BEFORE_ARRIVAL
70,69,-319,68.8212942448236,1.44933282442193,-0.139160518267403,0,676.049088429677,0,NaN,NaN,0,1,1,70,70.2023170330158,NaN,BEFORE_ARRIVAL
71,70,-318,70.1957654784317,1.31436404173751,-0.131539180843792,0,676.049088429678,0,NaN,NaN,0,1,1,71,71.4551258659795,NaN,BEFORE_ARRIVAL
72,71,-317,71.4519940065317,1.21835245046014,-0.0669435634502951,0,676.04908842968,0,NaN,NaN,0,1,1,72,72.6412128198731,NaN,BEFORE_ARRIVAL
73,72,-316,72.6392538479746,1.16572476421099,-0.0409146958118601,0,676.04908842968,0,NaN,NaN,0,1,1,73,73.7815506708511,NaN,BEFORE_ARRIVAL
74,73,-315,73.7785543461633,1.11500711008478,-0.058738256383408,0,676.04908842968,0,NaN,NaN,0,1,1,74,74.8608914990512,NaN,BEFORE_ARRIVAL
75,74,-314,74.8568983209504,1.04537611798429,-0.0785432304144552,0,676.04908842968,0,NaN,NaN,0,1,1,75,75.8600092074564,NaN,BEFORE_ARRIVAL
76,75,-313,75.8551240887289,0.956953953875325,-0.0965049280408419,0,676.04908842968,0,NaN,NaN,0,1,1,76,76.7614492058103,NaN,BEFORE_ARRIVAL
77,76,-312,76.7558635201208,0.852606995682037,-0.110763164681653,0,676.04908842968,0,NaN,NaN,0,1,1,77,77.5514708626116,NaN,BEFORE_ARRIVAL
78,77,-311,77.5454149217055,0.736504197194218,-0.120471589783773,0,676.04908842968,0,NaN,NaN,0,1,1,78,78.2209809046635,NaN,BEFORE_ARRIVAL
79,78,-310,78.2147325509841,0.613714623574267,-0.124686105849551,0,676.04908842968,0,NaN,NaN,0,0,NaN,NaN,NaN,NaN,BEFORE_ARRIVAL
80,79,-309,78.7602726670468,0.490035644488951,-0.122854966278215,0,676.04908842968,0,NaN,NaN,0,0,NaN,NaN,NaN,NaN,BEFORE_ARRIVAL
81,80,-308,79.1844779575545,0.371530371890083,-0.114946432315767,0,676.049088429683,0,NaN,NaN,0,0,NaN,NaN,NaN,NaN,BEFORE_ARRIVAL
82,81,-307,79.4957509345807,0.263991796848766,-0.101477600907676,0,676.049088429714,0,NaN,NaN,0,0,NaN,NaN,NaN,NaN,BEFORE_ARRIVAL
83,82,-306,79.7078769065293,0.172381334938663,-0.083537348184815,0,676.0490884298,0,NaN,NaN,0,0,NaN,NaN,NaN,NaN,BEFORE_ARRIVAL
84,83,-305,79.8388816213407,0.10026629018985,-0.0627695237557212,0,676.049088429994,0,NaN,NaN,0,0,NaN,NaN,NaN,NaN,BEFORE_ARRIVAL
85,84,-304,79.9093309470633,0.0492624504302132,-0.0413773710355668,0,676.04908843036,0,NaN,NaN,0,0,NaN,NaN,NaN,NaN,BEFORE_ARRIVAL
86,85,-303,79.940081898373,0.0185002167673352,-0.0220771212670417,0,676.049088431039,0,NaN,NaN,0,0,NaN,NaN,NaN,NaN,BEFORE_ARRIVAL
87,86,-302,79.9494243238852,0.00388465910462897,-0.0085106419864318,0,548.675996113,0,NaN,NaN,0,1,11,97,80.3733172460669,NaN,BEFORE_ARRIVAL
88,87,-301,79.9506077821082,0.000323147645446117,0.000487777154020831,0,536.954368858491,0,NaN,NaN,0,1,10,97,80.3659660357226,NaN,BEFORE_ARRIVAL
89,88,-300,79.950873470696,0,-0.000994913830655916,0,549.473516715113,0,NaN,NaN,0,1,9,97,80.3748768579481,NaN,BEFORE_ARRIVAL
90,89,-299,79.9509100980561,0.000178413756539906,0.000694762849013743,0,539.98259008922,0,NaN,NaN,0,1,8,97,80.3758548436477,NaN,BEFORE_ARRIVAL
91,90,-298,79.9511110717327,0,-0.000955188583420754,0,545.961863067497,0,NaN,NaN,0,1,7,97,80.3796180959699,NaN,BEFORE_ARRIVAL
92,91,-297,79.9511500509701,0.000185160344361898,0.000701698006759932,0,540.590308596889,0,NaN,NaN,0,1,6,97,80.3845216475669,NaN,BEFORE_ARRIVAL
93,92,-296,79.9513474247324,0,-0.00102578472449194,0,539.958988706413,0,NaN,NaN,0,1,5,97,80.3868628317295,NaN,BEFORE_ARRIVAL
94,93,-295,79.9514082427031,0.000267782835362633,0.000925903269529568,0,540.023711581474,0,NaN,NaN,0,1,4,97,80.3869838427393,NaN,BEFORE_ARRIVAL
95,94,-294,79.951655443886,0,-0.00157701558386671,0,540.137342027716,0,NaN,NaN,0,1,3,97,80.3877224660302,NaN,BEFORE_ARRIVAL
96,95,-293,79.9517843296933,0.000532551977872432,0.00170912070100542,0,539.589680231049,0,NaN,NaN,0,1,2,97,80.4087652754975,NaN,BEFORE_ARRIVAL
97,96,-292,80.0310782622714,0.196795083215743,0.355442594404397,0,540.530468948922,0,NaN,NaN,0,1,1,97,80.4456019933537,NaN,BEFORE_ARRIVAL
98,97,-291,80.4761764752865,0.684261934812442,0.5954866983904,0,535.419302513524,0,NaN,NaN,0,1,1,98,81.4822859422202,NaN,BEFORE_ARRIVAL
99,98,-290,81.5197736156761,1.35929243685891,0.740111795946888,0,540.453728705945,0,NaN,NaN,0,1,1,99,83.2607498709918,NaN,BEFORE_ARRIVAL
100,99,-289,83.3014763953438,2.13777637040086,0.809879318846995,0,541.708741393293,0,NaN,NaN,0,1,1,100,85.8454817726406,NaN,BEFORE_ARRIVAL
101,100,-288,85.8863883297741,2.95191053590683,0.817615403681492,0,550.159462205909,0,NaN,NaN,0,1,1,101,89.240896863986,NaN,BEFORE_ARRIVAL
102,101,-287,89.2797905290387,3.74903391792062,0.780357182467494,0,547.86116978897,0,NaN,NaN,0,1,1,102,93.4053635884481,NaN,BEFORE_ARRIVAL
103,102,-286,93.4400168236531,4.48438091622966,0.698520483997583,0,374.425699501417,0,NaN,NaN,0,1,1,103,98.2598942205428,NaN,BEFORE_ARRIVAL
104,103,-285,98.2904158411143,5.13748098780939,0.615937915965123,0,377.581723678802,0,NaN,NaN,0,1,1,104,103.719650342797,NaN,BEFORE_ARRIVAL
105,104,-284,103.74525829648,5.69990793821381,0.518645251309293,0,375.396188547771,0,NaN,NaN,0,1,1,105,109.684015988768,NaN,BEFORE_ARRIVAL
106,105,-283,109.703396932427,6.15099271330623,0.395808021824069,0,378.573391117596,0,NaN,NaN,0,1,1,106,116.032267316812,NaN,BEFORE_ARRIVAL
107,106,-282,116.045649289156,6.48071381367842,0.275649982820653,0,562.365499611728,0,NaN,NaN,0,1,1,107,122.642915783894,NaN,BEFORE_ARRIVAL
108,107,-281,122.649891143722,6.6861651723402,0.148016120713607,0,562.413371911809,0,NaN,NaN,0,1,1,108,129.389877797521,NaN,BEFORE_ARRIVAL
109,108,-280,129.390818898309,6.76756558268873,0.0268966473225569,0,562.409109790518,0,NaN,NaN,0,1,1,109,136.152811913341,NaN,BEFORE_ARRIVAL
110,109,-279,136.148070060485,6.73169328866129,-0.0872287005865192,0,562.403900281117,0,NaN,NaN,0,1,1,110,142.818700877831,NaN,BEFORE_ARRIVAL
111,110,-278,142.808756044075,6.58688578870238,-0.191917426718138,0,562.398761689018,0,NaN,NaN,0,1,1,111,149.284140007172,NaN,BEFORE_ARRIVAL
112,111,-277,149.269570339917,6.34367609157148,-0.285176100195886,0,562.393768055618,0,NaN,NaN,0,1,1,112,155.457279653038,NaN,BEFORE_ARRIVAL
113,112,-276,155.438739654955,6.01435018781042,-0.365448470314392,0,562.387840773431,0,NaN,NaN,0,1,1,113,161.259342320417,NaN,BEFORE_ARRIVAL
114,113,-275,161.237542445,5.6125248697645,-0.431588193462624,0,562.382199653672,0,NaN,NaN,0,1,1,114,166.625733118738,NaN,BEFORE_ARRIVAL
115,114,-274,166.601420877291,5.15275434862947,-0.48282878923063,0,562.37664946206,0,NaN,NaN,0,1,1,115,171.506773249672,NaN,BEFORE_ARRIVAL
116,115,-273,171.480715784087,4.65016654000885,-0.518754279030615,0,562.371121073759,0,NaN,NaN,0,1,1,116,175.868084316041,NaN,BEFORE_ARRIVAL
117,116,-272,175.841051924157,4.12012339479685,-0.539279490269503,0,562.365620113573,0,NaN,NaN,0,1,1,117,179.690639639336,NaN,BEFORE_ARRIVAL
118,117,-271,179.663388965789,3.57788732073495,-0.544655097164772,0,562.35990743489,0,NaN,NaN,0,1,1,118,182.970477007951,NaN,BEFORE_ARRIVAL
119,118,-270,182.943733299496,3.03827551460172,-0.535485477107408,0,562.354121944458,0,NaN,NaN,0,1,1,119,185.718058625844,NaN,BEFORE_ARRIVAL
120,119,-269,185.692497968084,2.51530545348422,-0.512730175307578,0,562.348147263753,0,NaN,NaN,0,1,1,120,187.957274554335,NaN,BEFORE_ARRIVAL
121,120,-268,187.933505636104,2.02183480556283,-0.477712852787249,0,562.34234442045,0,NaN,NaN,0,1,1,121,189.724084355866,NaN,BEFORE_ARRIVAL
122,121,-267,189.702630822217,1.56920307673352,-0.432110809227353,0,562.337351311736,0,NaN,NaN,0,1,1,122,191.064837392394,NaN,BEFORE_ARRIVAL
123,122,-266,191.046130699311,1.16698663109589,-0.377757420882405,0,562.332228748772,0,NaN,NaN,0,1,1,123,192.0344161707,NaN,BEFORE_ARRIVAL
124,123,-265,192.018785115891,0.822815127637119,-0.316692116475791,0,562.327678621966,0,NaN,NaN,0,1,1,124,192.694031339441,NaN,BEFORE_ARRIVAL
125,124,-264,192.681645422945,0.541687619857646,-0.252029191573394,0,562.323648425498,0,NaN,NaN,0,0,NaN,NaN,NaN,NaN,BEFORE_ARRIVAL
126,125,-263,193.098892231723,0.325096538999056,-0.187596263001024,0,562.32078935899,0,NaN,NaN,0,0,NaN,NaN,NaN,NaN,BEFORE_ARRIVAL
127,126,-262,193.334049379588,0.170596659789229,-0.127421019744302,0,562.321266401765,0,NaN,NaN,0,0,NaN,NaN,NaN,NaN,BEFORE_ARRIVAL
128,127,-261,193.4459999159,0.0717642334990286,-0.0754417589186634,0,562.322061243648,0,NaN,NaN,0,0,NaN,NaN,NaN,NaN,BEFORE_ARRIVAL
129,128,-260,193.485106209933,0.018410044429237,-0.0352825410116238,0,552.57966719455,0,NaN,NaN,0,1,5,133,194.66265823399,NaN,BEFORE_ARRIVAL
130,129,-259,193.506450077837,0.0389755559945801,0.0662593727646796,0,552.577741635874,0,NaN,NaN,0,1,4,133,194.687529390512,NaN,BEFORE_ARRIVAL
131,130,-258,193.595790798748,0.140041203499914,0.129543508656777,0,380.362979926635,0,NaN,NaN,0,1,2,132,194.564491317828,NaN,BEFORE_ARRIVAL
132,131,-257,193.8804026911,0.452889109884596,0.462824231798422,0,381.471584464887,0,NaN,NaN,0,1,1,132,194.562705571474,NaN,BEFORE_ARRIVAL
133,132,-256,194.585207312532,0.909118801828247,0.450834159335203,0,381.49600623327,0,NaN,NaN,0,1,1,133,195.769842559732,NaN,BEFORE_ARRIVAL
134,133,-255,195.808416064724,1.52528086798767,0.751430353561065,0,381.510837007778,0,NaN,NaN,0,1,1,134,197.741029640746,NaN,BEFORE_ARRIVAL
135,134,-254,197.788718768426,2.38104907468584,0.941135541083061,0,381.522076313368,0,NaN,NaN,0,1,1,135,200.65598484144,NaN,BEFORE_ARRIVAL
136,135,-253,200.708049371386,3.37382706746601,1.03503090780508,0,381.522862497508,0,NaN,NaN,0,1,1,136,204.602525551724,NaN,BEFORE_ARRIVAL
137,136,-252,204.655279867984,4.41919904986886,1.05383286161921,0,381.522853566178,0,NaN,NaN,0,1,1,137,209.594971363045,NaN,BEFORE_ARRIVAL
138,137,-251,209.645607330728,5.45183275895087,1.01528894791522,0,381.518691275715,0,NaN,NaN,0,1,1,138,215.591582941753,NaN,BEFORE_ARRIVAL
139,138,-250,215.638026870146,6.4225663546493,0.934279216611951,0,381.514475165006,0,NaN,NaN,0,1,1,139,222.509208416827,NaN,BEFORE_ARRIVAL
140,139,-249,222.54999456445,7.29571499755564,0.823132718965375,0,381.51077285511,0,NaN,NaN,0,1,1,140,230.235412084711,NaN,BEFORE_ARRIVAL
141,140,-248,230.269572292891,8.04669705515714,0.691949698303797,0,381.506916403145,0,NaN,NaN,0,1,1,141,238.638403953716,NaN,BEFORE_ARRIVAL
142,141,-247,238.665372560717,8.65997394996621,0.548908237404285,0,381.502793632231,0,NaN,NaN,0,1,1,142,247.575075360876,NaN,BEFORE_ARRIVAL
143,142,-246,247.594608686824,9.12728880129056,0.400556626349869,0,381.496607521725,0,NaN,NaN,0,1,1,143,256.897430127084,NaN,BEFORE_ARRIVAL
144,143,-245,256.909539342656,9.44618470276365,0.252082581119359,0,381.491191174539,0,NaN,NaN,0,1,1,144,266.45767657237,NaN,BEFORE_ARRIVAL
145,144,-244,266.462572297072,9.61877436397408,0.107549999466748,0,381.486149279312,0,NaN,NaN,0,1,1,145,276.112216819063,NaN,BEFORE_ARRIVAL
146,145,-243,276.110264769687,9.65073838577717,-0.0298790508308053,0,381.47803230489,0,NaN,NaN,0,1,1,146,285.724750799076,NaN,BEFORE_ARRIVAL
147,146,-242,285.716436740623,9.55052699273682,-0.157756036666359,0,381.408077099971,0,NaN,NaN,0,1,1,147,295.16867981157,NaN,BEFORE_ARRIVAL
148,147,-241,295.15458212063,9.32873147466108,-0.274191457410681,0,381.181490032983,0,NaN,NaN,0,1,1,148,304.328956976538,NaN,BEFORE_ARRIVAL
149,148,-240,304.309723918852,8.99757908009182,-0.377756797699,0,380.59543952263,0,NaN,NaN,0,1,1,149,313.103487506243,NaN,BEFORE_ARRIVAL
150,149,-239,313.079819796326,8.57052987268431,-0.467379360805397,0,379.448508007698,0,NaN,NaN,0,1,1,150,321.404179583396,NaN,BEFORE_ARRIVAL
151,150,-238,321.376816885688,8.0619651746817,-0.542261792073043,0,377.499300583791,0,NaN,NaN,0,1,1,151,329.157711334279,NaN,BEFORE_ARRIVAL
152,151,-237,329.127417499058,7.48690194342824,-0.601900772401088,0,374.231285243568,0,NaN,NaN,0,1,1,152,336.305982497758,NaN,BEFORE_ARRIVAL
153,152,-236,336.273523760409,6.8606255278861,-0.646220123566624,0,370.282095636284,0,NaN,NaN,0,1,1,153,342.806225816582,NaN,BEFORE_ARRIVAL
154,153,-235,342.772374519226,6.19852115155166,-0.675100583144473,0,362.911675283206,0,NaN,NaN,0,1,1,154,348.630776768516,NaN,BEFORE_ARRIVAL
155,154,-234,348.596199783938,5.51494415313174,-0.690512247281651,0,370.008865789027,0,NaN,NaN,0,1,1,155,353.7663573486,NaN,BEFORE_ARRIVAL
156,155,-233,353.731981987491,4.82598137191459,-0.687695036255281,0,363.237839252823,0,NaN,NaN,0,1,1,156,358.216568839322,NaN,BEFORE_ARRIVAL
157,156,-232,358.182969046883,4.14638122920443,-0.672977047991438,0,317.690780628565,0,NaN,NaN,0,1,1,157,361.992745993982,NaN,BEFORE_ARRIVAL
158,157,-231,361.959060098988,3.47302217945106,-0.673671596649499,0,361.146197710105,0,NaN,NaN,0,1,1,158,365.1060391655,NaN,BEFORE_ARRIVAL
159,158,-230,365.075809244991,2.8349664445743,-0.608915484335421,0,316.258127256222,0,NaN,NaN,0,1,1,159,367.613558933397,NaN,BEFORE_ARRIVAL
160,159,-229,367.5854302747,2.24994621403723,-0.565469568338409,0,361.063450679741,0,NaN,NaN,0,1,1,160,369.56696042604,NaN,BEFORE_ARRIVAL
161,160,-228,369.543268938495,1.73172842655908,-0.479557239501588,0,311.529254299194,0,NaN,NaN,0,1,1,161,371.044543984566,NaN,BEFORE_ARRIVAL
162,161,-227,371.023550199155,1.2829444766256,-0.423605803923208,0,361.170105822733,0,NaN,NaN,0,1,1,162,372.11018219392,NaN,BEFORE_ARRIVAL
163,162,-226,372.093958838156,0.910457059034768,-0.330663283318884,0,312.007376481118,0,NaN,NaN,0,1,1,163,372.850310059378,NaN,BEFORE_ARRIVAL
164,163,-225,372.837369152443,0.616838928409658,-0.263308460239296,0,361.249721942589,0,NaN,NaN,0,1,39,202,374.848360944035,NaN,BEFORE_ARRIVAL
165,164,-224,373.325860222531,0.394709955194781,-0.188436665649444,0,316.990455666169,0,NaN,NaN,0,1,34,198,374.783595879985,NaN,BEFORE_ARRIVAL
166,165,-223,373.629855040005,0.238585860512258,-0.129686536618678,0,361.508219328605,0,NaN,NaN,0,1,38,203,374.894330255519,NaN,BEFORE_ARRIVAL
167,166,-222,373.806989029943,0.133588635308747,-0.0847968795001914,0,310.667561556445,0,NaN,NaN,0,1,33,199,374.510497877287,NaN,BEFORE_ARRIVAL
168,167,-221,373.900935763894,0.0662827117271408,-0.0529951414664005,0,358.268418468481,0,NaN,NaN,0,1,38,205,374.995562904432,NaN,BEFORE_ARRIVAL
169,168,-220,373.943403329623,0.0266180247803436,-0.0287579514307582,0,312.304491903577,0,NaN,NaN,0,1,33,201,374.875610345093,NaN,BEFORE_ARRIVAL
170,169,-219,373.95729587995,0.00558857043556924,-0.0147061385471513,0,370.4885820235,0,NaN,NaN,0,1,25,194,375.280953943232,NaN,BEFORE_ARRIVAL
171,170,-218,373.958227168406,0,-0.00638243173076527,0,311.764264982404,0,NaN,NaN,0,1,32,202,375.512736285375,NaN,BEFORE_ARRIVAL
172,171,-217,373.958235820381,8.15042258468638e-05,0.000764887069234297,0,381.196626781428,0,NaN,NaN,0,0,NaN,NaN,NaN,NaN,BEFORE_ARRIVAL
173,172,-216,373.959493234356,0.0027344459486783,0.00419771371213818,0,381.409231926632,0,NaN,NaN,0,0,NaN,NaN,NaN,NaN,BEFORE_ARRIVAL
174,173,-215,373.964735916252,0.00743089317586783,0.00510450192132245,0,381.40607873325,0,NaN,NaN,0,0,NaN,NaN,NaN,NaN,BEFORE_ARRIVAL
175,174,-214,373.974872880927,0.0122818837031315,0.00464357211394293,0,381.406093790383,0,NaN,NaN,0,0,NaN,NaN,NaN,NaN,BEFORE_ARRIVAL
176,175,-213,373.989444070901,0.0162638098360207,0.00344057942111787,0,381.406058298853,0,NaN,NaN,0,0,NaN,NaN,NaN,NaN,BEFORE_ARRIVAL
177,176,-212,374.00727164908,0.0188830134112432,0.00194716879221722,0,381.406031731922,0,NaN,NaN,0,0,NaN,NaN,NaN,NaN,BEFORE_ARRIVAL
178,177,-211,374.026900229951,0.0200167437644154,0.000468189812135302,0,381.40601307202,0,NaN,NaN,0,0,NaN,NaN,NaN,NaN,BEFORE_ARRIVAL
179,178,-210,374.046893453097,0.0197823710380382,-0.000809196621523712,0,381.406001540301,0,NaN,NaN,0,0,NaN,NaN,NaN,NaN,BEFORE_ARRIVAL
180,179,-209,374.066015338498,0.0184346056775402,-0.00178841251056796,0,381.405996011224,0,NaN,NaN,0,0,NaN,NaN,NaN,NaN,BEFORE_ARRIVAL
181,180,-208,374.083323127877,0.0162882196234743,-0.002439273498746,0,381.405995202998,0,NaN,NaN,0,0,NaN,NaN,NaN,NaN,BEFORE_ARRIVAL
182,181,-207,374.098195420376,0.0136631293734152,-0.00277712213749694,0,381.405997825185,0,NaN,NaN,0,0,NaN,NaN,NaN,NaN,BEFORE_ARRIVAL
183,182,-206,374.110316086154,0.0108483911865367,-0.0028455149545544,0,381.406002684185,0,NaN,NaN,0,0,NaN,NaN,NaN,NaN,BEFORE_ARRIVAL
184,183,-205,374.119630911154,0.00808154382914656,-0.00270248295971031,0,381.406008750678,0,NaN,NaN,0,0,NaN,NaN,NaN,NaN,BEFORE_ARRIVAL
185,184,-204,374.126290393098,0.00553982022661084,-0.00241019321939288,0,381.406015194569,0,NaN,NaN,0,0,NaN,NaN,NaN,NaN,BEFORE_ARRIVAL
186,185,-203,374.130588758388,0.00334000534042514,-0.0020276871590162,0,381.406021393995,0,NaN,NaN,0,0,NaN,NaN,NaN,NaN,BEFORE_ARRIVAL
187,186,-202,374.132906247951,0.00154409858327615,-0.00160626824653036,0,381.406026925122,0,NaN,NaN,0,0,NaN,NaN,NaN,NaN,BEFORE_ARRIVAL
188,187,-201,374.133659125274,0.000168396024728189,-0.00118705790474418,0,381.406031539083,0,NaN,NaN,0,0,NaN,NaN,NaN,NaN,BEFORE_ARRIVAL
189,188,-200,374.133664481127,0,-0.000800228419737347,0,381.406028836798,0,NaN,NaN,0,0,NaN,NaN,NaN,NaN,BEFORE_ARRIVAL
190,189,-199,374.133664481127,0,-0.000601678994973069,0,381.406026963641,0,NaN,NaN,0,0,NaN,NaN,NaN,NaN,BEFORE_ARRIVAL
191,190,-198,374.133664481127,0,-0.00051417589495093,0,381.406026162667,0,NaN,NaN,0,0,NaN,NaN,NaN,NaN,BEFORE_ARRIVAL
192,191,-197,374.133664481127,0,-0.000475737613036719,0,381.406025811,0,NaN,NaN,0,0,NaN,NaN,NaN,NaN,BEFORE_ARRIVAL
193,192,-196,374.133664481127,0,-0.000458851827925216,0,381.40602565648,0,NaN,NaN,0,0,NaN,NaN,NaN,NaN,BEFORE_ARRIVAL
194,193,-195,374.133664481127,0,-0.000451433981343867,0,381.406025575044,0,NaN,NaN,0,0,NaN,NaN,NaN,NaN,BEFORE_ARRIVAL
195,194,-194,374.133664481127,0,-0.00044736247393919,0,371.572155773344,0,NaN,NaN,0,1,5,199,375.416598272907,NaN,BEFORE_ARRIVAL
196,195,-193,374.152734657816,0.0478432026490416,0.0873536650223896,0,371.572170062491,0,NaN,NaN,0,1,4,199,375.43893948162,NaN,BEFORE_ARRIVAL
197,196,-192,374.260134472733,0.163977108936688,0.139681376413765,0,317.852928741929,0,NaN,NaN,0,1,2,198,375.105793406907,NaN,BEFORE_ARRIVAL
198,197,-191,374.542182909135,0.406774911444515,0.327165787493878,0,318.775154282705,0,NaN,NaN,0,1,1,198,375.132044904924,NaN,BEFORE_ARRIVAL
199,198,-190,375.15464453529,0.798304527910871,0.444190931080203,0,318.760460748926,0,NaN,NaN,0,1,1,199,376.185066325622,NaN,BEFORE_ARRIVAL
200,199,-189,376.210482847178,1.27556738869937,0.504321712368012,0,318.755536517859,0,NaN,NaN,0,1,1,200,377.740671609332,NaN,BEFORE_ARRIVAL
201,200,-188,377.766675060477,1.78800880805897,0.519084815989085,0,318.749846023999,0,NaN,NaN,0,1,1,201,379.810795664501,NaN,BEFORE_ARRIVAL
202,201,-187,379.835652109451,2.29577260435195,0.498501143814342,0,318.744178118643,0,NaN,NaN,0,1,1,202,382.372801446114,NaN,BEFORE_ARRIVAL
203,202,-186,382.395206874634,2.76829007749872,0.451258106236932,0,318.738857037136,0,NaN,NaN,0,1,1,203,385.378059249416,NaN,BEFORE_ARRIVAL
204,203,-185,385.39708079286,3.1830278894772,0.384857571221565,0,318.733768378391,0,NaN,NaN,0,1,1,204,388.759351411085,NaN,BEFORE_ARRIVAL
205,204,-184,388.77437475145,3.52437147305008,0.305741230042144,0,318.728867875016,0,NaN,NaN,0,1,1,205,392.437226649131,NaN,BEFORE_ARRIVAL
206,205,-183,392.447908849708,3.78262507480589,0.219400087703354,0,318.724052295857,0,NaN,NaN,0,1,1,206,396.325412541127,NaN,BEFORE_ARRIVAL
207,206,-182,396.331639688796,3.95311445262228,0.130471524272503,0,318.719304966947,0,NaN,NaN,0,1,1,207,400.33538245209,NaN,BEFORE_ARRIVAL
208,207,-181,400.337231643835,4.03538138706024,0.0428268154824295,0,318.714724079732,0,NaN,NaN,0,1,1,208,404.380163330854,NaN,BEFORE_ARRIVAL
209,208,-180,404.377868477138,4.03245994686151,-0.040351831210574,0,318.710274802019,0,NaN,NaN,0,1,1,209,408.37746061245,NaN,BEFORE_ARRIVAL
210,209,-179,408.371381614188,3.95022485903718,-0.116503206871948,0,318.705931049485,0,NaN,NaN,0,1,1,210,412.252167422121,NaN,BEFORE_ARRIVAL
211,210,-178,412.242762278524,3.79680307486088,-0.183627892879878,0,318.701939345222,0,NaN,NaN,0,1,1,211,415.938312179301,NaN,BEFORE_ARRIVAL
212,211,-177,415.926110231811,3.58202573075691,-0.24026325874186,0,318.698046478918,0,NaN,NaN,0,1,1,212,419.380484749562,NaN,BEFORE_ARRIVAL
213,212,-176,419.366065319861,3.31694784601856,-0.285380760553661,0,318.694210757548,0,NaN,NaN,0,1,1,213,422.534822222585,NaN,BEFORE_ARRIVAL
214,213,-175,422.518793004392,3.01341522750646,-0.318384138659899,0,318.690649458355,0,NaN,NaN,0,1,1,214,425.369563439302,NaN,BEFORE_ARRIVAL
215,214,-174,425.352539360924,2.68363710206883,-0.339100478255774,0,318.687423746764,0,NaN,NaN,0,1,1,215,427.865182741008,NaN,BEFORE_ARRIVAL
216,215,-173,427.847765802581,2.33977313038569,-0.347761375396452,0,318.684373801806,0,NaN,NaN,0,1,1,216,430.014125200857,NaN,BEFORE_ARRIVAL
217,216,-172,429.996886557875,1.99355270843,-0.344959641867798,0,318.681983952406,0,NaN,NaN,0,1,1,217,431.820171151294,NaN,BEFORE_ARRIVAL
218,217,-171,431.803630915096,1.65589169610625,-0.33168940633316,0,318.683233708578,0,NaN,NaN,0,1,1,218,433.297399566202,NaN,BEFORE_ARRIVAL
219,218,-170,433.282006026498,1.33648376172213,-0.309359457334911,0,318.684181169883,0,NaN,NaN,0,1,1,219,434.468771647691,NaN,BEFORE_ARRIVAL
220,219,-169,434.454891383028,1.04349754524193,-0.279589928508159,0,318.684888425975,0,NaN,NaN,0,1,1,220,435.364485742437,NaN,BEFORE_ARRIVAL
221,220,-168,435.352391615106,0.783350485521826,-0.244239257984419,0,318.685361154294,0,NaN,NaN,0,1,1,221,436.020107207639,NaN,BEFORE_ARRIVAL
222,221,-167,436.009970360261,0.560510856349167,-0.205330841963038,0,318.685629906988,0,NaN,NaN,0,0,NaN,NaN,NaN,NaN,BEFORE_ARRIVAL
223,222,-166,436.466427976204,0.377376821070043,-0.164973011628648,0,318.685742411346,0,NaN,NaN,0,0,NaN,NaN,NaN,NaN,BEFORE_ARRIVAL
224,223,-165,436.761806411016,0.234245734784405,-0.125260420095903,0,318.685749418791,0,NaN,NaN,0,0,NaN,NaN,NaN,NaN,BEFORE_ARRIVAL
225,224,-164,436.935308300916,0.129358780110051,-0.088217755693086,0,318.685692870963,0,NaN,NaN,0,0,NaN,NaN,NaN,NaN,BEFORE_ARRIVAL
226,225,-163,437.023279011576,0.0589702648701868,-0.0558009548690467,0,318.685598813451,0,NaN,NaN,0,0,NaN,NaN,NaN,NaN,BEFORE_ARRIVAL
227,226,-162,437.057268125511,0.0174427456089291,-0.0298492537639758,0,318.68548394607,0,NaN,NaN,0,0,NaN,NaN,NaN,NaN,BEFORE_ARRIVAL
228,227,-161,437.06262096459,0,-0.0119836798770447,0,309.049534432363,0,NaN,NaN,0,1,13,240,438.757610889582,NaN,BEFORE_ARRIVAL
229,228,-160,437.06262096459,0,-0.00419478123873622,0,309.049531962138,0,NaN,NaN,0,1,12,240,438.755962326441,NaN,BEFORE_ARRIVAL
230,229,-159,437.06262096459,0,-0.00620530754712918,0,309.049530950508,0,NaN,NaN,0,1,11,240,438.747244849438,NaN,BEFORE_ARRIVAL
231,230,-158,437.06262096459,0,-0.00631678875655283,0,309.049530360189,0,NaN,NaN,0,1,10,240,438.74752228074,NaN,BEFORE_ARRIVAL
232,231,-157,437.06262096459,0,-0.00407547679808289,0,309.049529968389,0,NaN,NaN,0,1,9,240,438.757685385337,NaN,BEFORE_ARRIVAL
233,232,-156,437.063203816292,0.00217545642453298,0.00618633990230691,0,309.04952955205,0,NaN,NaN,0,1,8,240,438.760229472926,NaN,BEFORE_ARRIVAL
234,233,-155,437.072348077363,0.0172775905761089,0.0223968749009778,0,309.049528997436,0,NaN,NaN,0,1,7,240,438.762528334546,NaN,BEFORE_ARRIVAL
235,234,-154,437.106202734252,0.0503214282708658,0.0417549890714853,0,309.049527876759,0,NaN,NaN,0,1,6,240,438.766529834399,NaN,BEFORE_ARRIVAL
236,235,-153,437.183862040034,0.103008001145686,0.0616305959866398,0,309.049522550488,0,NaN,NaN,0,1,5,240,438.771260128003,NaN,BEFORE_ARRIVAL
237,236,-152,437.324731150737,0.174549301543742,0.0796500585528512,0,309.049224709628,0,NaN,NaN,0,1,4,240,438.790280987596,NaN,BEFORE_ARRIVAL
238,237,-151,437.546589202655,0.262952405521703,0.0955646865985051,0,309.049177419977,0,NaN,NaN,0,1,3,240,438.796773471562,NaN,BEFORE_ARRIVAL
239,238,-150,437.864185074059,0.363724312752752,0.105032360475857,0,309.049153469662,0,NaN,NaN,0,1,2,240,438.799584812118,NaN,BEFORE_ARRIVAL
240,239,-149,438.285510079721,0.468338909849229,0.104272790695167,0,309.049153773663,0,NaN,NaN,0,1,1,240,438.804617149446,NaN,BEFORE_ARRIVAL
241,240,-148,438.80939295363,0.568096523487756,0.0960633778649109,0,309.049153774351,0,NaN,NaN,0,1,1,241,439.422612947293,NaN,BEFORE_ARRIVAL
242,241,-147,439.426485486184,0.654562779452836,0.0786140653197644,0,309.049153774914,0,NaN,NaN,0,1,1,242,440.114364324065,NaN,BEFORE_ARRIVAL
243,242,-146,440.116377915577,0.713406629809067,0.0426682199315236,0,309.049153775077,0,NaN,NaN,0,1,1,243,440.848008161964,NaN,BEFORE_ARRIVAL
244,243,-145,440.849146215076,0.745810221560689,0.0240052596044287,0,309.049153775077,0,NaN,NaN,0,1,1,244,441.610073779839,NaN,BEFORE_ARRIVAL
245,244,-144,441.612270751107,0.78009403538397,0.0426935400023428,0,309.049153775078,0,NaN,NaN,0,1,1,245,442.408637509444,NaN,BEFORE_ARRIVAL
246,245,-143,442.409148491389,0.806043220128427,0.0122492577152769,0,309.049153775078,0,NaN,NaN,0,1,1,246,443.214045738606,NaN,BEFORE_ARRIVAL
247,246,-142,443.212331608925,0.794299492004594,-0.0313743529012856,0,309.049153775078,0,NaN,NaN,0,1,1,247,443.985266177287,NaN,BEFORE_ARRIVAL
248,247,-141,443.98188058054,0.744188573368812,-0.0654408360549172,0,309.049153775078,0,NaN,NaN,0,1,1,248,444.689382210457,NaN,BEFORE_ARRIVAL
249,248,-140,444.684840880518,0.665658203412162,-0.089239988603522,0,309.049153775078,0,NaN,NaN,0,1,1,249,445.303496275262,NaN,BEFORE_ARRIVAL
250,249,-139,445.298271775234,0.568554927397493,-0.103536874805607,0,309.049153775078,0,NaN,NaN,0,0,NaN,NaN,NaN,NaN,BEFORE_ARRIVAL
251,250,-138,445.808703984739,0.462074460718836,-0.108888860029335,0,309.049153775078,0,NaN,NaN,0,0,NaN,NaN,NaN,NaN,BEFORE_ARRIVAL
252,251,-137,446.211527236573,0.354779761016827,-0.105990386706923,0,309.049153775078,0,NaN,NaN,0,0,NaN,NaN,NaN,NaN,BEFORE_ARRIVAL
253,252,-136,446.51022318902,0.254316634607509,-0.0959408225294592,0,309.049153775078,0,NaN,NaN,0,0,NaN,NaN,NaN,NaN,BEFORE_ARRIVAL
254,253,-135,446.715226645981,0.167011498939439,-0.0802395736905702,0,309.049153775078,0,NaN,NaN,0,0,NaN,NaN,NaN,NaN,BEFORE_ARRIVAL
255,254,-134,446.842365159204,0.0974188747836303,-0.0608814836273675,0,309.049153775078,0,NaN,NaN,0,0,NaN,NaN,NaN,NaN,BEFORE_ARRIVAL
256,255,-133,446.910815298013,0.0478275912079878,-0.0403538471696857,0,309.049153775078,0,NaN,NaN,0,0,NaN,NaN,NaN,NaN,BEFORE_ARRIVAL
257,256,-132,446.940579502926,0.0178018181571564,-0.0215755305899507,0,309.049153775077,0,NaN,NaN,0,0,NaN,NaN,NaN,NaN,BEFORE_ARRIVAL
258,257,-131,446.949491607012,0.00366835695268332,-0.00804449534362783,0,174.872036438903,0,NaN,NaN,0,1,11,268,447.407715999971,NaN,BEFORE_ARRIVAL
259,258,-130,446.950607012089,0.000302663016388388,0.000462416306068349,0,175.995484061706,0,NaN,NaN,0,1,10,268,447.407433774062,NaN,BEFORE_ARRIVAL
260,259,-129,446.950855737737,0,-0.000942180082558084,0,176.062027857777,0,NaN,NaN,0,1,9,268,447.405775076894,NaN,BEFORE_ARRIVAL
261,260,-128,446.950890256951,0.000168350780792115,0.000656421972619809,0,176.112374730976,0,NaN,NaN,0,1,8,268,447.405876506628,NaN,BEFORE_ARRIVAL
262,261,-127,446.95107895769,0,-0.000908455915163438,0,176.15138804835,0,NaN,NaN,0,1,7,268,447.405725028069,NaN,BEFORE_ARRIVAL
263,262,-126,446.951116422412,0.000177528802905166,0.000670935986053776,0,176.183719798113,0,NaN,NaN,0,1,6,268,447.406235844282,NaN,BEFORE_ARRIVAL
264,263,-125,446.951303849297,0,-0.000991307839419506,0,176.211094344383,0,NaN,NaN,0,1,5,268,447.406172913491,NaN,BEFORE_ARRIVAL
265,264,-124,446.951364081428,0.000264085376785437,0.000908040401818469,0,176.23546857571,0,NaN,NaN,0,1,4,268,447.407129675218,NaN,BEFORE_ARRIVAL
266,265,-123,446.951605151049,0,-0.00156773646874696,0,176.25615018239,0,NaN,NaN,0,1,3,268,447.406909708534,NaN,BEFORE_ARRIVAL
267,266,-122,446.951734878838,0.000534562411872691,0.00171049529374385,0,176.238211250413,0,NaN,NaN,0,1,2,268,447.424770492983,NaN,BEFORE_ARRIVAL
268,267,-121,447.033690888036,0.203446743643909,0.367531742454275,0,166.599571225228,0,NaN,NaN,0,1,1,268,447.46675430967,NaN,BEFORE_ARRIVAL
269,268,-120,447.499803154957,0.722286148415605,0.642636583031404,0,166.599596543158,0,NaN,NaN,0,1,1,269,448.571222588043,NaN,BEFORE_ARRIVAL
270,269,-119,448.612255215004,1.456712208857,0.809526541958655,0,166.599619617922,0,NaN,NaN,0,1,1,270,450.487950997706,NaN,BEFORE_ARRIVAL
271,270,-118,450.532977821721,2.31316575027355,0.894848359154829,0,166.599519597688,0,NaN,NaN,0,1,1,271,453.298458309265,NaN,BEFORE_ARRIVAL
272,271,-117,453.344765705685,3.22415294981552,0.924191705313276,0,166.599204553557,0,NaN,NaN,0,1,1,272,457.026537649794,NaN,BEFORE_ARRIVAL
273,272,-116,457.071314640383,4.1335710225292,0.897330555132187,0,166.599212762074,0,NaN,NaN,0,1,1,273,461.642949568126,NaN,BEFORE_ARRIVAL
274,273,-115,461.68442365673,4.99591704889859,0.83372232101802,0,166.599210342202,0,NaN,NaN,0,1,1,274,467.082062620732,NaN,BEFORE_ARRIVAL
275,274,-114,467.118904178254,5.77967986008048,0.742886848588691,0,166.59921125407,0,NaN,NaN,0,1,1,275,473.251686249711,NaN,BEFORE_ARRIVAL
276,275,-113,473.282961404006,6.4620407060393,0.632839571079822,0,166.599210957856,0,NaN,NaN,0,1,1,276,480.041000562638,NaN,BEFORE_ARRIVAL
277,276,-112,480.066107714648,7.02748987839153,0.510311573393293,0,166.599211054683,0,NaN,NaN,0,1,1,277,487.327191879913,NaN,BEFORE_ARRIVAL
278,277,-111,487.345807778639,7.46664850236717,0.380942574452107,0,166.599211023251,0,NaN,NaN,0,1,1,278,494.981011028022,NaN,BEFORE_ARRIVAL
279,278,-110,494.993044863877,7.7752664941238,0.249443333187609,0,166.599211033444,0,NaN,NaN,0,1,1,279,502.871414484481,NaN,BEFORE_ARRIVAL
280,279,-109,502.876968718304,7.95336864493694,0.119732092506752,0,166.599211030147,0,NaN,NaN,0,1,1,280,510.869422866221,NaN,BEFORE_ARRIVAL
281,280,-108,510.868759696999,8.00452494464215,-0.00495116713241881,0,166.599211031216,0,NaN,NaN,0,1,1,281,518.851309341743,NaN,BEFORE_ARRIVAL
282,281,-107,518.84482187416,7.93522471361507,-0.121949465122694,0,166.599211030869,0,NaN,NaN,0,1,1,282,526.701211767487,NaN,BEFORE_ARRIVAL
283,282,-106,526.689399066159,7.75433695899488,-0.229109991481793,0,166.599211030978,0,NaN,NaN,0,1,1,283,534.313246146747,NaN,BEFORE_ARRIVAL
284,283,-105,534.296691484721,7.47264185471831,-0.324719287472299,0,166.599211030944,0,NaN,NaN,0,1,1,284,541.5931849699,NaN,BEFORE_ARRIVAL
285,284,-104,541.572536613269,7.10241977209604,-0.407451642290421,0,166.599211030953,0,NaN,NaN,0,1,1,285,548.459750980558,NaN,BEFORE_ARRIVAL
286,285,-103,548.435704931671,6.65708550371965,-0.476329144264912,0,166.599211030951,0,NaN,NaN,0,1,1,286,554.845566810169,NaN,BEFORE_ARRIVAL
287,286,-102,554.818851455967,6.15086148426014,-0.530683462800554,0,166.599211030952,0,NaN,NaN,0,1,1,287,560.697795567639,NaN,BEFORE_ARRIVAL
288,287,-101,560.669157189319,5.59847840553927,-0.570137309928398,0,166.599211030952,0,NaN,NaN,0,1,1,288,565.978491739829,NaN,BEFORE_ARRIVAL
289,288,-100,565.948680810312,5.01489293539721,-0.594588510316879,0,166.599211030951,0,NaN,NaN,0,1,1,289,570.664684909595,NaN,BEFORE_ARRIVAL
290,289,-99,570.634445218173,4.41504230792458,-0.604155996054594,0,166.599211030952,0,NaN,NaN,0,1,1,290,574.748220038521,NaN,BEFORE_ARRIVAL
291,290,-98,574.718271602063,3.81356099635886,-0.59929293334755,0,166.599211030951,0,NaN,NaN,0,1,1,291,578.235277330479,NaN,BEFORE_ARRIVAL
292,291,-97,578.206301867406,3.22446901882442,-0.580745740960087,0,166.599211030952,0,NaN,NaN,0,1,1,292,581.145594826152,NaN,BEFORE_ARRIVAL
293,292,-96,581.118220518432,2.6608727521893,-0.549564878551054,0,166.599211030952,0,NaN,NaN,0,1,1,293,583.511354358806,NaN,BEFORE_ARRIVAL
294,293,-95,583.486130043666,2.13455151425764,-0.507303713788529,0,166.599211030951,0,NaN,NaN,0,1,1,294,585.375671901975,NaN,BEFORE_ARRIVAL
295,294,-94,585.353072220588,1.655767063589,-0.455450508115998,0,166.599211030952,0,NaN,NaN,0,1,1,295,586.791094053032,NaN,BEFORE_ARRIVAL
296,295,-93,586.771515134959,1.2332506310873,-0.395570370635453,0,166.599211030951,0,NaN,NaN,0,1,1,296,587.817886047248,NaN,BEFORE_ARRIVAL
297,296,-92,587.801597278002,0.873668299965686,-0.330137571519385,0,166.599211030952,0,NaN,NaN,0,1,1,297,588.521481562973,NaN,BEFORE_ARRIVAL
298,297,-91,588.508585811042,0.58077047197144,-0.262428946928222,0,166.599211030952,0,NaN,NaN,0,0,NaN,NaN,NaN,NaN,BEFORE_ARRIVAL
299,298,-90,588.959439864016,0.354390279577112,-0.196885756866598,0,166.599211030951,0,NaN,NaN,0,0,NaN,NaN,NaN,NaN,BEFORE_ARRIVAL
300,299,-89,589.218841855527,0.190751718237243,-0.136436310454363,0,166.599211030952,0,NaN,NaN,0,0,NaN,NaN,NaN,NaN,BEFORE_ARRIVAL
301,300,-88,589.346181966622,0.0833863167993682,-0.0835801122425663,0,166.599211030951,0,NaN,NaN,0,0,NaN,NaN,NaN,NaN,BEFORE_ARRIVAL
302,301,-87,589.392881885726,0.0230128646522709,-0.0413861847962589,0,166.599211030952,0,NaN,NaN,0,0,NaN,NaN,NaN,NaN,BEFORE_ARRIVAL
303,302,-86,589.399811840694,0,-0.0128971033575624,0,166.599211030951,0,NaN,NaN,0,0,NaN,NaN,NaN,NaN,BEFORE_ARRIVAL
304,303,-85,589.399811840694,0,0,0,166.599211030952,0,NaN,NaN,0,0,NaN,NaN,NaN,NaN,BEFORE_ARRIVAL
305,304,-84,589.399811840694,0,0,0,166.599211030951,0,NaN,NaN,0,0,NaN,NaN,NaN,NaN,BEFORE_ARRIVAL
306,305,-83,589.399811840694,0,0,0,166.599211030952,0,NaN,NaN,0,0,NaN,NaN,NaN,NaN,BEFORE_ARRIVAL
307,306,-82,589.399811840694,0,0,0,166.599211030952,0,NaN,NaN,0,0,NaN,NaN,NaN,NaN,BEFORE_ARRIVAL
308,307,-81,589.399811840694,0,0,0,166.599211030951,0,NaN,NaN,0,0,NaN,NaN,NaN,NaN,BEFORE_ARRIVAL
309,308,-80,589.399811840694,0,0,0,166.599211030979,0,NaN,NaN,0,0,NaN,NaN,NaN,NaN,BEFORE_ARRIVAL
310,309,-79,589.399811840694,0,0,0,166.599211033367,0,NaN,NaN,0,0,NaN,NaN,NaN,NaN,BEFORE_ARRIVAL
311,310,-78,589.399811840694,0,0,0,166.599211033368,0,NaN,NaN,0,0,NaN,NaN,NaN,NaN,BEFORE_ARRIVAL
312,311,-77,589.399811840694,0,0,0,166.599211033367,0,NaN,NaN,0,0,NaN,NaN,NaN,NaN,BEFORE_ARRIVAL
313,312,-76,589.399811840694,0,0,0,166.599211033368,0,NaN,NaN,0,0,NaN,NaN,NaN,NaN,BEFORE_ARRIVAL
314,313,-75,589.399811840694,0,0,0,166.599211033368,0,NaN,NaN,0,0,NaN,NaN,NaN,NaN,BEFORE_ARRIVAL
315,314,-74,589.399811840694,0,0,0,166.599211033367,0,NaN,NaN,0,0,NaN,NaN,NaN,NaN,BEFORE_ARRIVAL
316,315,-73,589.399811840694,0,0,0,166.599211033367,0,NaN,NaN,0,0,NaN,NaN,NaN,NaN,BEFORE_ARRIVAL
317,316,-72,589.399811840694,0,0,0,166.599211033367,0,NaN,NaN,0,0,NaN,NaN,NaN,NaN,BEFORE_ARRIVAL
318,317,-71,589.399811840694,0,0,0,166.599211033368,0,NaN,NaN,0,0,NaN,NaN,NaN,NaN,BEFORE_ARRIVAL
319,318,-70,589.399811840694,0,0,0,166.59921103337,0,NaN,NaN,0,0,NaN,NaN,NaN,NaN,BEFORE_ARRIVAL
320,319,-69,589.399811840694,0,0,0,166.599211033368,0,NaN,NaN,0,0,NaN,NaN,NaN,NaN,BEFORE_ARRIVAL
321,320,-68,589.399811840694,0,0,0,166.599211033368,0,NaN,NaN,0,0,NaN,NaN,NaN,NaN,BEFORE_ARRIVAL
322,321,-67,589.399811840694,0,0,0,166.599211033367,0,NaN,NaN,0,0,NaN,NaN,NaN,NaN,BEFORE_ARRIVAL
323,322,-66,589.399811840694,0,0,0,166.599211033368,0,NaN,NaN,0,0,NaN,NaN,NaN,NaN,BEFORE_ARRIVAL
324,323,-65,589.399811840694,0,0,0,166.599211033367,0,NaN,NaN,0,0,NaN,NaN,NaN,NaN,BEFORE_ARRIVAL
325,324,-64,589.399811840694,0,0,0,166.599211033368,0,NaN,NaN,0,0,NaN,NaN,NaN,NaN,BEFORE_ARRIVAL
326,325,-63,589.399811840694,0,0,0,166.599211033368,0,NaN,NaN,0,0,NaN,NaN,NaN,NaN,BEFORE_ARRIVAL
327,326,-62,589.399811840694,0,0,0,166.599211033367,0,NaN,NaN,0,0,NaN,NaN,NaN,NaN,BEFORE_ARRIVAL
328,327,-61,589.399811840694,0,0,0,166.599211033367,0,NaN,NaN,0,0,NaN,NaN,NaN,NaN,BEFORE_ARRIVAL
329,328,-60,589.399811840694,0,0,0,166.599211033368,0,NaN,NaN,0,0,NaN,NaN,NaN,NaN,BEFORE_ARRIVAL
330,329,-59,589.399811840694,0,0,0,166.599211033368,0,NaN,NaN,0,0,NaN,NaN,NaN,NaN,BEFORE_ARRIVAL
331,330,-58,589.399811840694,0,0,0,166.599211033367,0,NaN,NaN,0,0,NaN,NaN,NaN,NaN,BEFORE_ARRIVAL
332,331,-57,589.399811840694,0,0,0,166.599211033368,0,NaN,NaN,0,0,NaN,NaN,NaN,NaN,BEFORE_ARRIVAL
333,332,-56,589.399811840694,0,0,0,166.599211033368,0,NaN,NaN,0,0,NaN,NaN,NaN,NaN,BEFORE_ARRIVAL
334,333,-55,589.399811840694,0,0,0,166.599211033375,0,NaN,NaN,0,0,NaN,NaN,NaN,NaN,BEFORE_ARRIVAL
335,334,-54,589.399811840694,0,0,0,166.599211033397,0,NaN,NaN,0,0,NaN,NaN,NaN,NaN,BEFORE_ARRIVAL
336,335,-53,589.399811840694,0,0,0,166.599211033443,0,NaN,NaN,0,0,NaN,NaN,NaN,NaN,BEFORE_ARRIVAL
337,336,-52,589.399811840694,0,0,0,166.599211033534,0,NaN,NaN,0,0,NaN,NaN,NaN,NaN,BEFORE_ARRIVAL
338,337,-51,589.399811840694,0,0,0,166.599211033687,0,NaN,NaN,0,0,NaN,NaN,NaN,NaN,BEFORE_ARRIVAL
339,338,-50,589.399811840694,0,0,0,166.599211033925,0,NaN,NaN,0,0,NaN,NaN,NaN,NaN,BEFORE_ARRIVAL
340,339,-49,589.399811840694,0,0,0,166.599211034264,0,NaN,NaN,0,0,NaN,NaN,NaN,NaN,BEFORE_ARRIVAL
341,340,-48,589.399811840694,0,0,0,166.599211034722,0,NaN,NaN,0,0,NaN,NaN,NaN,NaN,BEFORE_ARRIVAL
342,341,-47,589.399811840694,0,0,0,166.599211035232,0,NaN,NaN,0,0,NaN,NaN,NaN,NaN,BEFORE_ARRIVAL
343,342,-46,589.399811840694,0,0,0,166.599211034719,0,NaN,NaN,0,0,NaN,NaN,NaN,NaN,BEFORE_ARRIVAL
344,343,-45,589.399811840694,0,0,0,166.599211033368,0,NaN,NaN,0,0,NaN,NaN,NaN,NaN,BEFORE_ARRIVAL
345,344,-44,589.399811840694,0,0,0,166.599211033368,0,NaN,NaN,0,0,NaN,NaN,NaN,NaN,BEFORE_ARRIVAL
346,345,-43,589.399811840694,0,0,0,166.599211033367,0,NaN,NaN,0,0,NaN,NaN,NaN,NaN,BEFORE_ARRIVAL
347,346,-42,589.399811840694,0,0,0,166.599211033368,0,NaN,NaN,0,0,NaN,NaN,NaN,NaN,BEFORE_ARRIVAL
348,347,-41,589.399811840694,0,0,0,166.599211033367,0,NaN,NaN,0,0,NaN,NaN,NaN,NaN,BEFORE_ARRIVAL
349,348,-40,589.399811840694,0,0,0,166.599211033368,0,NaN,NaN,0,0,NaN,NaN,NaN,NaN,BEFORE_ARRIVAL
350,349,-39,589.399811840694,0,0,0,166.599211033368,0,NaN,NaN,0,0,NaN,NaN,NaN,NaN,BEFORE_ARRIVAL
351,350,-38,589.399811840694,0,0,0,166.599211033367,0,NaN,NaN,0,0,NaN,NaN,NaN,NaN,BEFORE_ARRIVAL
352,351,-37,589.399811840694,0,0,0,166.599211033367,0,NaN,NaN,0,0,NaN,NaN,NaN,NaN,BEFORE_ARRIVAL
353,352,-36,589.399811840694,0,0,0,166.599211033368,0,NaN,NaN,0,0,NaN,NaN,NaN,NaN,BEFORE_ARRIVAL
354,353,-35,589.399811976995,1.36301428218948e-06,1.36301428218948e-05,0,166.599211033367,0,NaN,NaN,0,0,NaN,NaN,NaN,NaN,BEFORE_ARRIVAL
355,354,-34,589.399845523656,7.67108291284185e-05,0.000125844091957048,0,0.0481220634799229,16,35,50,15,0,NaN,NaN,NaN,NaN,BEFORE_ARRIVAL
356,355,-33,589.4872895486,0.21844780458127,0.396935388928656,0,0.0489058510950144,17,34,50,16,0,NaN,NaN,NaN,NaN,BEFORE_ARRIVAL
357,356,-32,589.984665209809,0.766916675302372,0.672450810369466,0,0.0492494631038198,18,33,50,17,0,NaN,NaN,NaN,NaN,BEFORE_ARRIVAL
358,357,-31,591.160364013089,1.53670294135739,0.849424366161374,0,0.0491484441464536,19,32,50,18,0,NaN,NaN,NaN,NaN,BEFORE_ARRIVAL
359,358,-30,593.185663124037,2.4396592280226,0.946755130713806,0,0.0491551312782121,20,31,50,19,0,NaN,NaN,NaN,NaN,BEFORE_ARRIVAL
360,359,-29,596.153441411533,3.40492370268859,0.980408483354141,0,0.049178094560375,21,30,50,20,0,NaN,NaN,NaN,NaN,BEFORE_ARRIVAL
361,360,-28,600.09394903227,4.37623031655109,0.963859629732975,0,0.049178891532847,22,29,50,21,0,NaN,NaN,NaN,NaN,BEFORE_ARRIVAL
362,361,-27,604.98811716726,5.30962750150016,0.908473366489513,0,0.0491795282096064,23,28,50,22,0,NaN,NaN,NaN,NaN,BEFORE_ARRIVAL
363,362,-26,610.778783155856,6.17154620680434,0.823828527970723,0,0.0491797717877489,24,27,50,23,0,NaN,NaN,NaN,NaN,BEFORE_ARRIVAL
364,363,-25,617.380150417703,6.93716314642373,0.717989276422857,0,0.0491794151766953,25,26,50,24,0,NaN,NaN,NaN,NaN,BEFORE_ARRIVAL
365,364,-24,624.685751867617,7.58901292649036,0.597735646684257,0,0.0491795984343071,26,25,50,25,0,NaN,NaN,NaN,NaN,BEFORE_ARRIVAL
366,365,-23,632.57514424332,8.1158106820149,0.4687576627575,0,0.0491795057520221,27,24,50,26,0,NaN,NaN,NaN,NaN,BEFORE_ARRIVAL
367,366,-22,640.919525179292,8.51145219337278,0.335819205667277,0,0.0491795476535799,28,23,50,27,0,NaN,NaN,NaN,NaN,BEFORE_ARRIVAL
368,367,-21,649.586434821548,8.77416361345631,0.202895959151374,0,0.0491795299361684,29,22,50,28,0,NaN,NaN,NaN,NaN,BEFORE_ARRIVAL
369,368,-20,658.443678198229,8.90577703683648,0.0732913486582866,0,0.0491795370159025,30,21,50,29,0,NaN,NaN,NaN,NaN,BEFORE_ARRIVAL
370,369,-19,667.362582786634,8.9111116600117,-0.0502663340382076,0,0.0491795343094736,31,20,50,30,0,NaN,NaN,NaN,NaN,BEFORE_ARRIVAL
371,370,-18,676.220687114329,8.79744320448487,-0.165542918562981,0,0.0491795353075304,32,19,50,31,0,NaN,NaN,NaN,NaN,BEFORE_ARRIVAL
372,371,-17,684.903940288167,8.57404672232695,-0.270731216008324,0,0.049179534950099,33,18,50,32,0,NaN,NaN,NaN,NaN,BEFORE_ARRIVAL
373,372,-16,693.30847861294,8.25179993444557,-0.36439589214114,0,0.0491795350660595,34,17,50,33,0,NaN,NaN,NaN,NaN,BEFORE_ARRIVAL
374,373,-15,701.342033548547,7.84283589690315,-0.44542888377983,0,0.049179535042299,35,16,50,34,0,NaN,NaN,NaN,NaN,BEFORE_ARRIVAL
375,374,-14,708.925014838939,7.36023521204265,-0.513013976653777,0,0.0491795350411621,36,15,50,35,0,NaN,NaN,NaN,NaN,BEFORE_ARRIVAL
376,375,-13,715.991303553672,6.81774921001245,-0.566599477338186,0,0.0491795350442317,37,14,50,36,0,NaN,NaN,NaN,NaN,BEFORE_ARRIVAL
377,376,-12,722.488781624586,6.229546166269,-0.605878688984119,0,0.0491795350425264,38,13,50,37,0,NaN,NaN,NaN,NaN,BEFORE_ARRIVAL
378,377,-11,728.379616857636,5.60997334159116,-0.630777117518159,0,0.0491795350433222,39,12,50,38,0,NaN,NaN,NaN,NaN,BEFORE_ARRIVAL
379,378,-10,733.640315600142,4.97332826294779,-0.641446137745817,0,0.0491795350429811,40,11,50,39,0,NaN,NaN,NaN,NaN,BEFORE_ARRIVAL
380,379,-9,738.261548813995,4.33363294186435,-0.638262834723316,0,0.0491795350430948,41,10,50,40,0,NaN,NaN,NaN,NaN,BEFORE_ARRIVAL
381,380,-8,742.247751133723,3.70440494954585,-0.621835848532731,0,0.0495568855785677,42,9,50,41,0,NaN,NaN,NaN,NaN,BEFORE_ARRIVAL
382,381,-7,745.616534465088,3.09853934729301,-0.59279903711476,0,0.0492088002956734,43,8,50,42,0,NaN,NaN,NaN,NaN,BEFORE_ARRIVAL
383,382,-6,748.397843300781,2.52776270720986,-0.5527583152391,0,0.0492087999256228,44,7,50,43,0,NaN,NaN,NaN,NaN,BEFORE_ARRIVAL
384,383,-5,750.632560374676,2.00243299213713,-0.502888133118422,0,0.04920880203872,45,6,50,44,0,NaN,NaN,NaN,NaN,BEFORE_ARRIVAL
385,384,-4,752.371168727005,1.5314544425364,-0.444870708540807,0,0.0492088020179153,46,5,50,45,0,NaN,NaN,NaN,NaN,BEFORE_ARRIVAL
386,385,-3,753.672058545262,1.12186939754185,-0.380714956638514,0,0.0492088020174606,47,4,50,46,0,NaN,NaN,NaN,NaN,BEFORE_ARRIVAL
387,386,-2,754.599471995424,0.778497637831161,-0.312818234951566,0,0.0492087999058413,48,3,50,47,0,NaN,NaN,NaN,NaN,BEFORE_ARRIVAL
388,387,-1,755.221067506737,0.503549159643481,-0.2439641317445,0,0.0492087999257365,49,2,50,48,0,NaN,NaN,NaN,NaN,BEFORE_ARRIVAL
389,388,0,755.605050444228,0.296120153666743,-0.177536630348568,2,0.0492088020389474,50,1,50,49,0,NaN,NaN,NaN,NaN,SLOW_AT_STOP
390,389,1,755.816723930837,0.151579722401845,-0.117543541105531,2,0.0492088020087067,51,0,50,50,0,NaN,NaN,NaN,NaN,SLOW_AT_STOP
391,390,2,755.914782069441,0.0618545908218421,-0.0669646146954804,2,0.0492088020175743,51,0,50,50,0,NaN,NaN,NaN,NaN,SLOW_AT_STOP
392,391,3,755.947657553447,0.0145185542923239,-0.0312762907573673,3,0.0492088020006349,51,0,50,50,0,NaN,NaN,NaN,NaN,STATIONARY_AT_STOP
393,392,4,755.950963909609,0,-0.0105040649356117,3,0.0490360903909277,51,0,50,50,0,NaN,NaN,NaN,NaN,STATIONARY_AT_STOP
394,393,5,755.950963909609,0,-0.00016337030939648,3,0.0293069590652522,11,0,10,10,1,13,406,756.956141889864,1.43547080846429,STATIONARY_AT_STOP
395,394,6,755.950963909609,0,-6.27947475757883e-06,3,0.0292333235015576,10,0,9,9,1,12,406,756.956234155606,1.43546631987973,STATIONARY_AT_STOP
396,395,7,755.950963909609,0,-0.000125736304389787,3,0.0296754930660654,8,0,7,7,1,9,404,756.557256331223,12.2037568409462,STATIONARY_AT_STOP
397,396,8,755.950963967557,5.79476321205341e-07,5.79476321205341e-06,3,0.0297368294354783,7,0,6,6,1,8,404,756.557299859773,12.2031464098528,STATIONARY_AT_STOP
398,397,9,755.950963967557,0,-0.000144214246964751,3,0.0297815618901041,6,0,5,5,1,7,404,756.557288717833,12.2021945734128,STATIONARY_AT_STOP
399,398,10,755.950969288536,2.59042104002109e-05,0.000100814087741715,3,0.0298420676597289,5,0,4,4,1,6,404,756.557327435255,12.201157114176,STATIONARY_AT_STOP
400,399,11,755.950982544303,0,-0.000322570250685681,3,0.0298901669794986,4,0,3,3,1,5,404,756.55737496124,12.2026654695891,STATIONARY_AT_STOP
401,400,12,755.951023911929,0.000157160137532054,0.000456768166966458,3,0.0300570717994333,3,0,2,2,1,4,404,756.557683393312,12.2029489608554,STATIONARY_AT_STOP
402,401,13,755.951130203904,0,-0.00111007955051325,3,0.0300242457342392,2,0,1,1,1,3,404,756.557267010979,12.2023608933814,STATIONARY_AT_STOP
403,402,14,755.951245677894,0.000454422363345093,0.00137985399093796,3,0.0335155161227476,1,0,0,0,1,2,404,756.580383973827,12.3443903419135,STATIONARY_AT_STOP
404,403,15,756.059544665261,0.269548389625904,0.488132787212066,2,0.0595446652607734,0,NaN,NaN,0,1,1,404,756.630637873703,NaN,SLOW_AT_STOP
405,404,16,756.673437609131,0.947359980031308,0.83300333847268,1,0.673437609130588,0,NaN,NaN,0,1,1,405,758.075411259999,NaN,NEAR_STOP_NOT_SLOW
406,405,17,758.129257267435,1.90613292378776,1.06167534807954,4,2.12925726743526,0,NaN,NaN,0,1,1,406,760.588588194886,NaN,AFTER_OR_AWAY_FROM_STOP
407,406,18,760.64882726777,3.04159735962515,1.1958373258211,4,4.64882726777,0,NaN,NaN,0,1,1,407,764.29800506597,NaN,AFTER_OR_AWAY_FROM_STOP
408,407,19,764.360888700474,4.26931854513983,1.25380797980942,4,8.36088870047422,0,NaN,NaN,0,1,1,408,769.256655454716,NaN,AFTER_OR_AWAY_FROM_STOP
409,408,20,769.319200003849,5.52162244829953,1.25107329499174,4,13.3192000038492,0,NaN,NaN,0,1,1,409,775.457961056582,NaN,AFTER_OR_AWAY_FROM_STOP
410,409,21,775.517827347551,6.7449822011832,1.20068503661343,4,19.5178273475509,0,NaN,NaN,0,1,1,410,782.848646756714,NaN,AFTER_OR_AWAY_FROM_STOP
411,410,22,782.90403930924,7.89779971371786,1.11365317465204,4,26.9040393092399,0,NaN,NaN,0,1,1,411,791.339599538747,NaN,AFTER_OR_AWAY_FROM_STOP
412,411,23,791.389181054588,8.94853485229854,0.99925674543138,4,35.3891810545877,0,NaN,NaN,0,1,1,412,800.815016311151,NaN,AFTER_OR_AWAY_FROM_STOP
413,412,24,800.857834198518,9.874109301842,0.865288934726063,4,44.8578341985184,0,NaN,NaN,0,1,1,413,811.140100188601,NaN,AFTER_OR_AWAY_FROM_STOP
414,413,25,811.175528546018,10.658588565464,0.718362259991375,4,55.1755285460181,0,NaN,NaN,0,1,1,414,822.167550407669,NaN,AFTER_OR_AWAY_FROM_STOP
415,414,26,822.195229213849,11.2919829738851,0.563875257136283,4,66.1952292138491,0,NaN,NaN,0,1,1,415,833.742885513622,NaN,AFTER_OR_AWAY_FROM_STOP
416,415,27,833.762674699621,11.7691860321757,0.406289441053336,4,77.7626746996208,0,NaN,NaN,0,1,1,416,845.708933832465,NaN,AFTER_OR_AWAY_FROM_STOP
417,416,28,845.720905386163,12.0894391276979,0.249859721905773,4,89.7209053861632,0,NaN,NaN,0,1,1,417,857.909921012585,NaN,AFTER_OR_AWAY_FROM_STOP
418,417,29,857.914300922767,12.2556327542477,0.0977395485312725,4,101.914300922767,0,NaN,NaN,0,1,1,418,870.194509378499,NaN,AFTER_OR_AWAY_FROM_STOP
419,418,30,870.191622252636,12.2732018626031,-0.0480248881521041,4,114.191622252636,0,NaN,NaN,0,1,1,419,882.417893413764,NaN,AFTER_OR_AWAY_FROM_STOP
420,419,31,882.408158326989,12.1495467250338,-0.185534432546931,4,126.408158326989,0,NaN,NaN,0,1,1,420,894.444098603329,NaN,AFTER_OR_AWAY_FROM_STOP
421,420,32,894.428153327327,11.8952428254999,-0.310569827068858,4,138.428153327327,0,NaN,NaN,0,1,1,421,906.149197166075,NaN,AFTER_OR_AWAY_FROM_STOP
422,421,33,906.127616171291,11.5222565568115,-0.42405426637702,4,150.127616171291,0,NaN,NaN,0,1,1,422,917.421338575944,NaN,AFTER_OR_AWAY_FROM_STOP
423,422,34,917.394853616555,11.0437291278314,-0.523096380200823,4,161.394853616555,0,NaN,NaN,0,1,1,423,928.162490947643,NaN,AFTER_OR_AWAY_FROM_STOP
424,423,35,928.131682174507,10.4726388457096,-0.610358020057072,4,172.131682174507,0,NaN,NaN,0,1,1,424,938.287548352631,NaN,AFTER_OR_AWAY_FROM_STOP
425,424,36,938.25332048121,9.82402175571375,-0.679919965400378,4,182.25332048121,0,NaN,NaN,0,1,1,425,947.727840252512,NaN,AFTER_OR_AWAY_FROM_STOP
426,425,37,947.690790813694,9.11261318466424,-0.737171975671528,4,191.690790813694,0,NaN,NaN,0,1,1,426,956.425345958484,NaN,AFTER_OR_AWAY_FROM_STOP
427,426,38,956.385456303048,8.34418343726556,-0.794004287902713,4,200.385456303048,0,NaN,NaN,0,1,1,427,964.325109862813,NaN,AFTER_OR_AWAY_FROM_STOP
428,427,39,964.283000773682,7.52533762865103,-0.839170689196929,4,208.283000773682,0,NaN,NaN,0,1,1,428,971.387622377536,NaN,AFTER_OR_AWAY_FROM_STOP
429,428,40,971.345302025412,6.68243569479687,-0.845954770391895,4,215.345302025412,0,NaN,NaN,0,1,1,429,977.6009620116,NaN,AFTER_OR_AWAY_FROM_STOP
430,429,41,977.557448809589,5.82394645714288,-0.868744710868429,4,221.557448809589,0,NaN,NaN,0,1,1,430,982.955728729832,NaN,AFTER_OR_AWAY_FROM_STOP
431,430,42,982.915077356219,4.98393094743815,-0.816509799661702,4,226.915077356219,0,NaN,NaN,0,1,1,431,987.478791796376,NaN,AFTER_OR_AWAY_FROM_STOP
432,431,43,987.434138592009,4.12794784319047,-0.888279444363487,4,231.434138592009,0,NaN,NaN,0,1,1,432,991.142663344923,NaN,AFTER_OR_AWAY_FROM_STOP
433,432,44,991.106158694914,3.32123328411254,-0.739979652935192,4,235.106158694914,0,NaN,NaN,0,1,1,433,994.060742288689,NaN,AFTER_OR_AWAY_FROM_STOP
434,433,45,994.024812149603,2.59227608040586,-0.719938836156082,4,238.024812149603,0,NaN,NaN,0,1,1,434,996.282799668396,NaN,AFTER_OR_AWAY_FROM_STOP
435,434,46,996.255020600657,1.95708407058451,-0.565853697365653,4,240.255020600657,0,NaN,NaN,0,1,1,435,997.941399731267,NaN,AFTER_OR_AWAY_FROM_STOP
436,435,47,997.917018057185,1.43156267195508,-0.492522245117983,4,241.917018057185,0,NaN,NaN,0,1,1,436,999.12399686673,NaN,AFTER_OR_AWAY_FROM_STOP
437,436,48,999.106307477722,1.01057538532932,-0.362458684223021,4,243.106307477722,0,NaN,NaN,0,1,1,437,999.940685016733,NaN,AFTER_OR_AWAY_FROM_STOP
438,437,49,999.924172161176,0.664720637223893,-0.332269709463768,4,243.924172161176,0,NaN,NaN,0,1,30,467,1001.99011648633,NaN,AFTER_OR_AWAY_FROM_STOP
439,438,50,1000.43190205555,0.396844921149402,-0.215189721483264,4,244.43190205555,0,NaN,NaN,0,1,38,476,1001.26934049262,NaN,AFTER_OR_AWAY_FROM_STOP
440,439,51,1000.72086471884,0.207835422045567,-0.16758931715703,4,244.720864718836,0,NaN,NaN,0,1,30,469,1002.0134055811,NaN,AFTER_OR_AWAY_FROM_STOP
441,440,52,1000.85395949499,0.0838298012463959,-0.088346232870015,4,244.591539846281,0,NaN,NaN,0,1,37,477,1001.08067122201,NaN,AFTER_OR_AWAY_FROM_STOP
442,441,53,1000.9000367559,0.0225782877373468,-0.039083106759168,4,244.9000367559,0,NaN,NaN,0,1,30,471,1003.26615375521,NaN,AFTER_OR_AWAY_FROM_STOP
443,442,54,1000.91137137918,0.00912529163813046,0.00751709444074411,4,244.618754208901,0,NaN,NaN,0,1,37,479,1001.48535834633,NaN,AFTER_OR_AWAY_FROM_STOP
444,443,55,1000.92082252893,0.00712102648424212,-0.00979446845858762,4,244.920822528927,0,NaN,NaN,0,1,30,473,1004.20000000001,NaN,AFTER_OR_AWAY_FROM_STOP
445,444,56,1000.93246479956,0.022097062539339,0.0352428124753842,4,244.699437023113,0,NaN,NaN,0,1,37,481,1001.49209312234,NaN,AFTER_OR_AWAY_FROM_STOP
446,445,57,1000.96380743368,0.0319949368022861,-0.0108388933654105,4,244.96380743368,0,NaN,NaN,0,1,29,474,1004.20000000001,NaN,AFTER_OR_AWAY_FROM_STOP
447,446,58,1000.99900619323,0.044069078690499,0.0308211707320866,4,244.999006193233,0,NaN,NaN,0,1,37,483,1003.06060555202,NaN,AFTER_OR_AWAY_FROM_STOP
448,447,59,1001.06121486483,0.0778601219272168,0.036220938922325,4,245.061214864828,0,NaN,NaN,0,1,28,475,1004.2,NaN,AFTER_OR_AWAY_FROM_STOP
449,448,60,1001.16162984862,0.120664424490187,0.0481906909962252,4,245.161629848619,0,NaN,NaN,0,1,35,483,1002.24606275645,NaN,AFTER_OR_AWAY_FROM_STOP
450,449,61,1001.30168933172,0.151080561887714,0.0158733208167733,4,245.301689331717,0,NaN,NaN,0,1,27,476,1004.2,NaN,AFTER_OR_AWAY_FROM_STOP
451,450,62,1001.46444106452,0.174305993857443,0.0292407956403293,4,245.464441064516,0,NaN,NaN,0,1,34,484,1002.31223412423,NaN,AFTER_OR_AWAY_FROM_STOP
452,451,63,1001.64414616715,0.176838467443171,-0.0193197899134912,4,245.644146167153,0,NaN,NaN,0,1,26,477,1003.29051039317,NaN,AFTER_OR_AWAY_FROM_STOP
453,452,64,1001.81012608688,0.156937019360062,-0.0203773502218872,4,245.810126086876,0,NaN,NaN,0,1,34,486,1003.45459565527,NaN,AFTER_OR_AWAY_FROM_STOP
454,453,65,1001.9595584673,0.14581692834497,-0.00354596984589527,4,245.959558467297,0,NaN,NaN,0,1,26,479,1003.3115213005,NaN,AFTER_OR_AWAY_FROM_STOP
455,454,66,1002.1000901537,0.133933562180429,-0.0187048722434331,4,246.09785823061,0,NaN,NaN,0,1,34,488,1003.10792192804,NaN,AFTER_OR_AWAY_FROM_STOP
456,455,67,1002.21866188775,0.102543318946107,-0.0417691831359578,4,246.218661887749,0,NaN,NaN,0,1,26,481,1004.2,NaN,AFTER_OR_AWAY_FROM_STOP
457,456,68,1002.3058011348,0.0796965828959059,-0.00736473388912807,4,246.305801134805,0,NaN,NaN,0,1,33,489,1003.49373642184,NaN,AFTER_OR_AWAY_FROM_STOP
458,457,69,1002.38455243359,0.080095147818116,0.00675035485875948,4,246.384552433586,0,NaN,NaN,0,1,26,483,1004.2,NaN,AFTER_OR_AWAY_FROM_STOP
459,458,70,1002.47025021601,0.0915703512560638,0.015340988639102,4,246.440254139228,0,NaN,NaN,0,1,33,491,1003.25960202072,NaN,AFTER_OR_AWAY_FROM_STOP
460,459,71,1002.56155025189,0.0851416920736749,-0.0242401892181541,4,246.561550251887,0,NaN,NaN,0,1,2,461,1003.0225918611,NaN,AFTER_OR_AWAY_FROM_STOP
461,460,72,1002.69169748855,0.206745624513201,0.240930941068537,4,246.691697488554,0,NaN,NaN,0,1,1,461,1003.04869047667,NaN,AFTER_OR_AWAY_FROM_STOP
462,461,73,1003.0702672295,0.545956812697295,0.419622299460458,4,247.070267229501,0,NaN,NaN,0,1,1,462,1003.84418051879,NaN,AFTER_OR_AWAY_FROM_STOP
463,462,74,1003.87096813836,1.02545869080751,0.528494260641843,4,247.870968138361,0,NaN,NaN,0,1,1,463,1005.16952643658,NaN,AFTER_OR_AWAY_FROM_STOP
464,463,75,1005.19878394228,1.58316612583313,0.581609123157794,4,249.198783942275,0,NaN,NaN,0,1,1,464,1007.07429165746,NaN,AFTER_OR_AWAY_FROM_STOP
465,464,76,1007.10386396251,2.16984744065065,0.590831289811832,4,251.103863962509,0,NaN,NaN,0,1,1,465,1009.56501571937,NaN,AFTER_OR_AWAY_FROM_STOP
466,465,77,1009.59324165868,2.74711134576741,0.566163317638976,4,253.593241658678,0,NaN,NaN,0,1,1,466,1012.61507905753,NaN,AFTER_OR_AWAY_FROM_STOP
467,466,78,1012.64071342957,3.28570116447065,0.516029683210378,4,256.640713429573,0,NaN,NaN,0,1,1,467,1016.17301052538,NaN,AFTER_OR_AWAY_FROM_STOP
468,467,79,1016.19515795826,3.76404844380174,0.447516221611661,4,260.195157958257,0,NaN,NaN,0,1,1,468,1020.16947383795,NaN,AFTER_OR_AWAY_FROM_STOP
469,468,80,1020.18753263306,4.16704543820959,0.36657217215018,4,264.187532633064,0,NaN,NaN,0,1,1,469,1024.52313216449,NaN,AFTER_OR_AWAY_FROM_STOP
