node,tau_s,abs_time_s,s_pred_m,v_pred_ms,a_pred_ms2,dist_to_stop_m,near_stop,stopped_near_stop,phase,event
0,0,393,755.950963909609,0,-0.00016337030939648,0.0490360903909277,1,1,DWELL_OR_STOPPED_AT_STOP,FIRST_STOP
1,1,394,755.95090840626,-8.48248920770301e-05,-6.27947475757883e-06,0.0490915937398313,1,1,DWELL_OR_STOPPED_AT_STOP,
2,2,395,755.950824744692,-7.81951830045693e-05,1.95388929025006e-05,0.0491752553080005,1,1,DWELL_OR_STOPPED_AT_STOP,
3,3,396,755.950755949108,-5.97658311561121e-05,1.73198107944127e-05,0.0492440508916161,1,1,DWELL_OR_STOPPED_AT_STOP,
4,4,397,755.950700592307,-5.5198647023615e-05,-8.18544252941897e-06,0.0492994076929563,1,1,DWELL_OR_STOPPED_AT_STOP,
5,5,398,755.950651225049,-3.36117578337417e-05,5.13592209091655e-05,0.0493487749506585,1,1,DWELL_OR_STOPPED_AT_STOP,
6,6,399,755.950623136809,-4.27208156971591e-05,-6.95773366359998e-05,0.0493768631909006,1,1,DWELL_OR_STOPPED_AT_STOP,
7,7,400,755.950583763994,2.11185499106694e-06,0.000159242678012452,0.0494162360058681,1,1,DWELL_OR_STOPPED_AT_STOP,
8,8,401,755.9505936405,-5.42155302238953e-05,-0.000271897448442376,0.0494063594995851,1,1,DWELL_OR_STOPPED_AT_STOP,
9,9,402,755.950523740863,3.46808714588826e-05,0.000449690251807932,0.0494762591372364,1,1,DWELL_OR_STOPPED_AT_STOP,
10,10,403,755.970693040935,0.0602136933471975,0.119908334699669,0.0293069590652522,1,1,DWELL_OR_STOPPED_AT_STOP,LAST_STOP
11,11,404,756.102723330069,0.215709313359681,0.191082905325298,-0.102723330069352,1,0,CREEPING_NEAR_STOP,
12,12,405,756.419552984751,0.423528884662014,0.224556237279369,-0.419552984750794,1,0,CREEPING_NEAR_STOP,
13,13,406,756.956141889864,0.650430827375573,0.229247648147748,-0.956141889863829,1,0,RESTART_NEAR_STOP,RESTART
14,14,407,757.718432056151,0.871385020036225,0.212660737173556,-1.71843205615096,0,0,AFTER_STOP_MOVING,
15,15,408,758.690885970012,1.06826133292535,0.181091888604703,-2.69088597001246,0,0,AFTER_STOP_MOVING,
16,16,409,759.842812144777,1.22870991414175,0.139805273828087,-3.84281214477744,0,0,AFTER_STOP_MOVING,
17,17,410,761.133653685413,1.34520215671002,0.0931792113084491,-5.13365368541338,0,0,AFTER_STOP_MOVING,
18,18,411,762.517386903054,1.41420573384701,0.0448279429655413,-6.51738690305376,0,0,AFTER_STOP_MOVING,
19,19,412,763.946152318934,1.43547080846429,-0.00229779373098152,-7.9461523189342,0,0,AFTER_STOP_MOVING,
20,20,413,765.373219094264,1.41140760592736,-0.0458286113428932,-9.37321909426441,0,0,AFTER_STOP_MOVING,
21,21,414,766.755365419776,1.34653807035163,-0.0839104598085562,-10.755365419776,0,0,AFTER_STOP_MOVING,
22,22,415,768.054741181949,1.2470063757189,-0.1151529294569,-12.0547411819485,0,0,AFTER_STOP_MOVING,
23,23,416,769.240264841682,1.12013469249208,-0.138590436996737,-13.2402648416823,0,0,AFTER_STOP_MOVING,
24,24,417,770.288593517372,0.974011860582685,-0.15365522682206,-14.2885935173719,0,0,AFTER_STOP_MOVING,
25,25,418,771.184693396614,0.81710352997255,-0.160161434398209,-15.1846933966142,0,0,AFTER_STOP_MOVING,
26,26,419,771.922026485112,0.65787292274633,-0.158299780054232,-15.9220264851116,0,0,AFTER_STOP_MOVING,
27,27,420,772.502359024237,0.504401661911936,-0.148642741614554,-16.5023590242374,0,0,AFTER_STOP_MOVING,
28,28,421,772.935186380019,0.364000114326678,-0.132160353555963,-16.9351863800185,0,0,OTHER,
29,29,422,773.236758530954,0.242796400930876,-0.110247073235642,-17.2367585309538,0,0,OTHER,
30,30,423,773.42867916514,0.145292637313766,-0.0847604539985783,-17.4286791651398,0,0,PAST_STOP_BUT_STOPPED,
31,31,424,773.536039534348,0.0738760599974986,-0.0580727006339556,-17.5360395343483,0,0,PAST_STOP_BUT_STOPPED,
32,32,425,773.585035271434,0.0282714415794275,-0.0331365362021867,-17.5850352714342,0,0,PAST_STOP_BUT_STOPPED,
33,33,426,773.60000000001,0.00491957067055501,-0.0135672056155582,-17.6000000000104,0,0,PAST_STOP_BUT_STOPPED,
34,34,427,773.600000000003,-0.00305553855548155,-0.00238301283651489,-17.600000000003,0,0,PAST_STOP_BUT_STOPPED,
35,35,428,773.596502606245,-0.00318959774355147,0.00211489446037504,-17.5965026062454,0,0,PAST_STOP_BUT_STOPPED,
36,36,429,773.594465196455,-0.000790481115196833,0.00268333879633423,-17.5944651964546,0,0,PAST_STOP_BUT_STOPPED,
37,37,430,773.594815920876,0.00129146609762224,0.00148055562930392,-17.5948159208764,0,0,PAST_STOP_BUT_STOPPED,
38,38,431,773.596601192494,0.00203260484202611,1.72185950381153e-06,-17.5966011924937,0,0,PAST_STOP_BUT_STOPPED,
39,39,432,773.598487786085,0.00159371016125229,-0.000879511221051455,-17.5984877860855,0,0,PAST_STOP_BUT_STOPPED,
40,40,433,773.599640534141,0.000710579454893856,-0.000886750191665411,-17.599640534141,0,0,PAST_STOP_BUT_STOPPED,
41,41,434,773.6,0.000100613763076021,-0.000333181191970259,-17.6,0,0,PAST_STOP_BUT_STOPPED,
42,42,435,773.6,-3.46369303421995e-05,6.26798051338179e-05,-17.6,0,0,PAST_STOP_BUT_STOPPED,
43,43,436,773.599989837935,7.44776276376012e-06,2.14895810781014e-05,-17.5999898379349,0,0,PAST_STOP_BUT_STOPPED,
44,44,437,773.6,4.84587917349211e-06,-2.66933482586374e-05,-17.6,0,0,PAST_STOP_BUT_STOPPED,
45,45,438,773.6,3.65491595376089e-06,2.43114218191749e-05,-17.6,0,0,PAST_STOP_BUT_STOPPED,
46,46,439,773.6,-1.94655427496309e-05,-7.05523392259585e-05,-17.6,0,0,PAST_STOP_BUT_STOPPED,
47,47,440,773.599941159345,-0.000102314711190987,-9.51459976567529e-05,-17.5999411593447,0,0,PAST_STOP_BUT_STOPPED,
48,48,441,773.599845266919,-3.54748559687436e-05,0.000228825708101239,-17.5998452669189,0,0,PAST_STOP_BUT_STOPPED,
49,49,442,773.600000000001,0.000420736103257321,0.00068359621035089,-17.6000000000006,0,0,PAST_STOP_BUT_STOPPED,
50,50,443,773.600779586105,0.00115548800241456,0.000785907587963593,-17.6007795861053,0,0,PAST_STOP_BUT_STOPPED,
